{"cameraMode":{"drawMode":0,"name":"Shaded","section":"Shading Mode"},"sceneLighting":true,"audioPlay":false,"sceneViewState":{"showFog":true,"showMaterialUpdate":false,"showSkybox":true,"showFlares":true,"showImageEffects":true,"showParticleSystems":true,"showVisualEffectGraphs":true,"m_FxEnabled":true},"in2DMode":false,"pivot":{"x":-0.2253514677286148,"y":0.6648705005645752,"z":0.13223768770694734},"rotation":{"x":0.00008359761704923585,"y":0.9998769164085388,"z":0.005689714103937149,"w":-0.014698298647999764},"size":5.392724990844727,"orthographic":false}